{
  "dataset_revision": "ae763399273d8b20506b80cf6f6f9a31a6a2b238",
  "task_name": "MedicalQARetrieval",
  "mteb_version": "1.36.32",
  "scores": {
    "test": [
      {
        "ndcg_at_1": 0.5293,
        "ndcg_at_3": 0.63927,
        "ndcg_at_5": 0.66363,
        "ndcg_at_10": 0.68098,
        "ndcg_at_20": 0.69434,
        "ndcg_at_100": 0.7059,
        "ndcg_at_1000": 0.71221,
        "map_at_1": 0.5293,
        "map_at_3": 0.6123,
        "map_at_5": 0.62583,
        "map_at_10": 0.63308,
        "map_at_20": 0.63676,
        "map_at_100": 0.63841,
        "map_at_1000": 0.63864,
        "recall_at_1": 0.5293,
        "recall_at_3": 0.71729,
        "recall_at_5": 0.77637,
        "recall_at_10": 0.82959,
        "recall_at_20": 0.88232,
        "recall_at_100": 0.94385,
        "recall_at_1000": 0.99365,
        "precision_at_1": 0.5293,
        "precision_at_3": 0.2391,
        "precision_at_5": 0.15527,
        "precision_at_10": 0.08296,
        "precision_at_20": 0.04412,
        "precision_at_100": 0.00944,
        "precision_at_1000": 0.00099,
        "mrr_at_1": 0.529785,
        "mrr_at_3": 0.61263,
        "mrr_at_5": 0.626229,
        "mrr_at_10": 0.633398,
        "mrr_at_20": 0.637077,
        "mrr_at_100": 0.638724,
        "mrr_at_1000": 0.638955,
        "nauc_ndcg_at_1_max": 0.185502,
        "nauc_ndcg_at_1_std": -0.047019,
        "nauc_ndcg_at_1_diff1": 0.492566,
        "nauc_ndcg_at_3_max": 0.177678,
        "nauc_ndcg_at_3_std": -0.078339,
        "nauc_ndcg_at_3_diff1": 0.428115,
        "nauc_ndcg_at_5_max": 0.186342,
        "nauc_ndcg_at_5_std": -0.07312,
        "nauc_ndcg_at_5_diff1": 0.419311,
        "nauc_ndcg_at_10_max": 0.200158,
        "nauc_ndcg_at_10_std": -0.058739,
        "nauc_ndcg_at_10_diff1": 0.415351,
        "nauc_ndcg_at_20_max": 0.212944,
        "nauc_ndcg_at_20_std": -0.05169,
        "nauc_ndcg_at_20_diff1": 0.421123,
        "nauc_ndcg_at_100_max": 0.211307,
        "nauc_ndcg_at_100_std": -0.048041,
        "nauc_ndcg_at_100_diff1": 0.43157,
        "nauc_ndcg_at_1000_max": 0.20003,
        "nauc_ndcg_at_1000_std": -0.05394,
        "nauc_ndcg_at_1000_diff1": 0.432843,
        "nauc_map_at_1_max": 0.185502,
        "nauc_map_at_1_std": -0.047019,
        "nauc_map_at_1_diff1": 0.492566,
        "nauc_map_at_3_max": 0.178067,
        "nauc_map_at_3_std": -0.069254,
        "nauc_map_at_3_diff1": 0.445439,
        "nauc_map_at_5_max": 0.182318,
        "nauc_map_at_5_std": -0.066341,
        "nauc_map_at_5_diff1": 0.441325,
        "nauc_map_at_10_max": 0.187419,
        "nauc_map_at_10_std": -0.060678,
        "nauc_map_at_10_diff1": 0.440063,
        "nauc_map_at_20_max": 0.190305,
        "nauc_map_at_20_std": -0.05924,
        "nauc_map_at_20_diff1": 0.441671,
        "nauc_map_at_100_max": 0.190256,
        "nauc_map_at_100_std": -0.058927,
        "nauc_map_at_100_diff1": 0.443011,
        "nauc_map_at_1000_max": 0.189842,
        "nauc_map_at_1000_std": -0.05907,
        "nauc_map_at_1000_diff1": 0.443046,
        "nauc_recall_at_1_max": 0.185502,
        "nauc_recall_at_1_std": -0.047019,
        "nauc_recall_at_1_diff1": 0.492566,
        "nauc_recall_at_3_max": 0.177193,
        "nauc_recall_at_3_std": -0.110468,
        "nauc_recall_at_3_diff1": 0.367497,
        "nauc_recall_at_5_max": 0.206051,
        "nauc_recall_at_5_std": -0.100058,
        "nauc_recall_at_5_diff1": 0.327696,
        "nauc_recall_at_10_max": 0.278263,
        "nauc_recall_at_10_std": -0.038813,
        "nauc_recall_at_10_diff1": 0.286233,
        "nauc_recall_at_20_max": 0.415977,
        "nauc_recall_at_20_std": 0.031786,
        "nauc_recall_at_20_diff1": 0.283831,
        "nauc_recall_at_100_max": 0.575773,
        "nauc_recall_at_100_std": 0.207646,
        "nauc_recall_at_100_diff1": 0.368334,
        "nauc_recall_at_1000_max": 0.423095,
        "nauc_recall_at_1000_std": 0.429331,
        "nauc_recall_at_1000_diff1": 0.261515,
        "nauc_precision_at_1_max": 0.185502,
        "nauc_precision_at_1_std": -0.047019,
        "nauc_precision_at_1_diff1": 0.492566,
        "nauc_precision_at_3_max": 0.177193,
        "nauc_precision_at_3_std": -0.110468,
        "nauc_precision_at_3_diff1": 0.367497,
        "nauc_precision_at_5_max": 0.206051,
        "nauc_precision_at_5_std": -0.100058,
        "nauc_precision_at_5_diff1": 0.327696,
        "nauc_precision_at_10_max": 0.278263,
        "nauc_precision_at_10_std": -0.038813,
        "nauc_precision_at_10_diff1": 0.286233,
        "nauc_precision_at_20_max": 0.415977,
        "nauc_precision_at_20_std": 0.031786,
        "nauc_precision_at_20_diff1": 0.283831,
        "nauc_precision_at_100_max": 0.575773,
        "nauc_precision_at_100_std": 0.207646,
        "nauc_precision_at_100_diff1": 0.368334,
        "nauc_precision_at_1000_max": 0.423095,
        "nauc_precision_at_1000_std": 0.429331,
        "nauc_precision_at_1000_diff1": 0.261515,
        "nauc_mrr_at_1_max": 0.184536,
        "nauc_mrr_at_1_std": -0.046766,
        "nauc_mrr_at_1_diff1": 0.491382,
        "nauc_mrr_at_3_max": 0.176838,
        "nauc_mrr_at_3_std": -0.070317,
        "nauc_mrr_at_3_diff1": 0.44455,
        "nauc_mrr_at_5_max": 0.181529,
        "nauc_mrr_at_5_std": -0.066672,
        "nauc_mrr_at_5_diff1": 0.440232,
        "nauc_mrr_at_10_max": 0.18653,
        "nauc_mrr_at_10_std": -0.061329,
        "nauc_mrr_at_10_diff1": 0.439142,
        "nauc_mrr_at_20_max": 0.189408,
        "nauc_mrr_at_20_std": -0.059898,
        "nauc_mrr_at_20_diff1": 0.440741,
        "nauc_mrr_at_100_max": 0.189354,
        "nauc_mrr_at_100_std": -0.059589,
        "nauc_mrr_at_100_diff1": 0.442076,
        "nauc_mrr_at_1000_max": 0.188939,
        "nauc_mrr_at_1000_std": -0.059732,
        "nauc_mrr_at_1000_diff1": 0.44211,
        "main_score": 0.68098,
        "hf_subset": "default",
        "languages": [
          "eng-Latn"
        ]
      }
    ]
  },
  "evaluation_time": 48.09267258644104,
  "kg_co2_emissions": null
}