{
  "dataset_revision": "ae763399273d8b20506b80cf6f6f9a31a6a2b238",
  "task_name": "MedicalQARetrieval",
  "mteb_version": "1.36.32",
  "scores": {
    "test": [
      {
        "ndcg_at_1": 0.49414,
        "ndcg_at_3": 0.6116,
        "ndcg_at_5": 0.64258,
        "ndcg_at_10": 0.66517,
        "ndcg_at_20": 0.67721,
        "ndcg_at_100": 0.68816,
        "ndcg_at_1000": 0.6945,
        "map_at_1": 0.49414,
        "map_at_3": 0.58268,
        "map_at_5": 0.59999,
        "map_at_10": 0.60951,
        "map_at_20": 0.61292,
        "map_at_100": 0.61445,
        "map_at_1000": 0.61469,
        "recall_at_1": 0.49414,
        "recall_at_3": 0.69531,
        "recall_at_5": 0.77002,
        "recall_at_10": 0.83887,
        "recall_at_20": 0.88574,
        "recall_at_100": 0.94434,
        "recall_at_1000": 0.99414,
        "precision_at_1": 0.49414,
        "precision_at_3": 0.23177,
        "precision_at_5": 0.154,
        "precision_at_10": 0.08389,
        "precision_at_20": 0.04429,
        "precision_at_100": 0.00944,
        "precision_at_1000": 0.00099,
        "mrr_at_1": 0.494629,
        "mrr_at_3": 0.583252,
        "mrr_at_5": 0.600439,
        "mrr_at_10": 0.609957,
        "mrr_at_20": 0.613364,
        "mrr_at_100": 0.614899,
        "mrr_at_1000": 0.615142,
        "nauc_ndcg_at_1_max": 0.362688,
        "nauc_ndcg_at_1_std": -0.019886,
        "nauc_ndcg_at_1_diff1": 0.535082,
        "nauc_ndcg_at_3_max": 0.383025,
        "nauc_ndcg_at_3_std": -0.026383,
        "nauc_ndcg_at_3_diff1": 0.477254,
        "nauc_ndcg_at_5_max": 0.391602,
        "nauc_ndcg_at_5_std": -0.023473,
        "nauc_ndcg_at_5_diff1": 0.463833,
        "nauc_ndcg_at_10_max": 0.400348,
        "nauc_ndcg_at_10_std": -0.010216,
        "nauc_ndcg_at_10_diff1": 0.463662,
        "nauc_ndcg_at_20_max": 0.405127,
        "nauc_ndcg_at_20_std": 0.005496,
        "nauc_ndcg_at_20_diff1": 0.463984,
        "nauc_ndcg_at_100_max": 0.399307,
        "nauc_ndcg_at_100_std": 0.009091,
        "nauc_ndcg_at_100_diff1": 0.465631,
        "nauc_ndcg_at_1000_max": 0.392237,
        "nauc_ndcg_at_1000_std": -0.004169,
        "nauc_ndcg_at_1000_diff1": 0.47454,
        "nauc_map_at_1_max": 0.362688,
        "nauc_map_at_1_std": -0.019886,
        "nauc_map_at_1_diff1": 0.535082,
        "nauc_map_at_3_max": 0.377064,
        "nauc_map_at_3_std": -0.024847,
        "nauc_map_at_3_diff1": 0.491858,
        "nauc_map_at_5_max": 0.380968,
        "nauc_map_at_5_std": -0.02398,
        "nauc_map_at_5_diff1": 0.485637,
        "nauc_map_at_10_max": 0.384059,
        "nauc_map_at_10_std": -0.019019,
        "nauc_map_at_10_diff1": 0.486112,
        "nauc_map_at_20_max": 0.38516,
        "nauc_map_at_20_std": -0.015302,
        "nauc_map_at_20_diff1": 0.48633,
        "nauc_map_at_100_max": 0.384364,
        "nauc_map_at_100_std": -0.014804,
        "nauc_map_at_100_diff1": 0.486517,
        "nauc_map_at_1000_max": 0.384117,
        "nauc_map_at_1000_std": -0.015213,
        "nauc_map_at_1000_diff1": 0.486839,
        "nauc_recall_at_1_max": 0.362688,
        "nauc_recall_at_1_std": -0.019886,
        "nauc_recall_at_1_diff1": 0.535082,
        "nauc_recall_at_3_max": 0.403831,
        "nauc_recall_at_3_std": -0.031575,
        "nauc_recall_at_3_diff1": 0.427352,
        "nauc_recall_at_5_max": 0.438372,
        "nauc_recall_at_5_std": -0.019375,
        "nauc_recall_at_5_diff1": 0.37085,
        "nauc_recall_at_10_max": 0.499506,
        "nauc_recall_at_10_std": 0.050394,
        "nauc_recall_at_10_diff1": 0.336532,
        "nauc_recall_at_20_max": 0.574639,
        "nauc_recall_at_20_std": 0.208194,
        "nauc_recall_at_20_diff1": 0.294955,
        "nauc_recall_at_100_max": 0.614618,
        "nauc_recall_at_100_std": 0.48151,
        "nauc_recall_at_100_diff1": 0.168274,
        "nauc_recall_at_1000_max": 0.290606,
        "nauc_recall_at_1000_std": 0.322426,
        "nauc_recall_at_1000_diff1": 0.364666,
        "nauc_precision_at_1_max": 0.362688,
        "nauc_precision_at_1_std": -0.019886,
        "nauc_precision_at_1_diff1": 0.535082,
        "nauc_precision_at_3_max": 0.403831,
        "nauc_precision_at_3_std": -0.031575,
        "nauc_precision_at_3_diff1": 0.427352,
        "nauc_precision_at_5_max": 0.438372,
        "nauc_precision_at_5_std": -0.019375,
        "nauc_precision_at_5_diff1": 0.37085,
        "nauc_precision_at_10_max": 0.499506,
        "nauc_precision_at_10_std": 0.050394,
        "nauc_precision_at_10_diff1": 0.336532,
        "nauc_precision_at_20_max": 0.574639,
        "nauc_precision_at_20_std": 0.208194,
        "nauc_precision_at_20_diff1": 0.294955,
        "nauc_precision_at_100_max": 0.614618,
        "nauc_precision_at_100_std": 0.48151,
        "nauc_precision_at_100_diff1": 0.168274,
        "nauc_precision_at_1000_max": 0.290606,
        "nauc_precision_at_1000_std": 0.322426,
        "nauc_precision_at_1000_diff1": 0.364666,
        "nauc_mrr_at_1_max": 0.362579,
        "nauc_mrr_at_1_std": -0.019651,
        "nauc_mrr_at_1_diff1": 0.533783,
        "nauc_mrr_at_3_max": 0.375421,
        "nauc_mrr_at_3_std": -0.026076,
        "nauc_mrr_at_3_diff1": 0.490368,
        "nauc_mrr_at_5_max": 0.379875,
        "nauc_mrr_at_5_std": -0.024768,
        "nauc_mrr_at_5_diff1": 0.484379,
        "nauc_mrr_at_10_max": 0.383049,
        "nauc_mrr_at_10_std": -0.019825,
        "nauc_mrr_at_10_diff1": 0.484822,
        "nauc_mrr_at_20_max": 0.38414,
        "nauc_mrr_at_20_std": -0.016114,
        "nauc_mrr_at_20_diff1": 0.485027,
        "nauc_mrr_at_100_max": 0.383339,
        "nauc_mrr_at_100_std": -0.01562,
        "nauc_mrr_at_100_diff1": 0.485207,
        "nauc_mrr_at_1000_max": 0.383091,
        "nauc_mrr_at_1000_std": -0.01603,
        "nauc_mrr_at_1000_diff1": 0.485528,
        "main_score": 0.66517,
        "hf_subset": "default",
        "languages": [
          "eng-Latn"
        ]
      }
    ]
  },
  "evaluation_time": 10.317769765853882,
  "kg_co2_emissions": null
}