{
  "dataset_revision": "ec0fa4fe99da2ff19ca1214b7966684033a58814",
  "task_name": "NFCorpus",
  "mteb_version": "1.36.32",
  "scores": {
    "test": [
      {
        "ndcg_at_1": 0.40402,
        "ndcg_at_3": 0.37841,
        "ndcg_at_5": 0.36215,
        "ndcg_at_10": 0.33289,
        "ndcg_at_20": 0.31329,
        "ndcg_at_100": 0.31496,
        "ndcg_at_1000": 0.40453,
        "map_at_1": 0.04938,
        "map_at_3": 0.08471,
        "map_at_5": 0.10128,
        "map_at_10": 0.12034,
        "map_at_20": 0.13427,
        "map_at_100": 0.15675,
        "map_at_1000": 0.1718,
        "recall_at_1": 0.04938,
        "recall_at_3": 0.09818,
        "recall_at_5": 0.12544,
        "recall_at_10": 0.16637,
        "recall_at_20": 0.20698,
        "recall_at_100": 0.33853,
        "recall_at_1000": 0.6607,
        "precision_at_1": 0.41796,
        "precision_at_3": 0.36429,
        "precision_at_5": 0.32446,
        "precision_at_10": 0.25294,
        "precision_at_20": 0.18885,
        "precision_at_100": 0.08381,
        "precision_at_1000": 0.02126,
        "mrr_at_1": 0.421053,
        "mrr_at_3": 0.498968,
        "mrr_at_5": 0.511816,
        "mrr_at_10": 0.520159,
        "mrr_at_20": 0.523696,
        "mrr_at_100": 0.526147,
        "mrr_at_1000": 0.526517,
        "nauc_ndcg_at_1_max": 0.291872,
        "nauc_ndcg_at_1_std": 0.167779,
        "nauc_ndcg_at_1_diff1": 0.287347,
        "nauc_ndcg_at_3_max": 0.344243,
        "nauc_ndcg_at_3_std": 0.220231,
        "nauc_ndcg_at_3_diff1": 0.236371,
        "nauc_ndcg_at_5_max": 0.356992,
        "nauc_ndcg_at_5_std": 0.245708,
        "nauc_ndcg_at_5_diff1": 0.221595,
        "nauc_ndcg_at_10_max": 0.355791,
        "nauc_ndcg_at_10_std": 0.25782,
        "nauc_ndcg_at_10_diff1": 0.202554,
        "nauc_ndcg_at_20_max": 0.348421,
        "nauc_ndcg_at_20_std": 0.244923,
        "nauc_ndcg_at_20_diff1": 0.193219,
        "nauc_ndcg_at_100_max": 0.365016,
        "nauc_ndcg_at_100_std": 0.27087,
        "nauc_ndcg_at_100_diff1": 0.207649,
        "nauc_ndcg_at_1000_max": 0.420739,
        "nauc_ndcg_at_1000_std": 0.348096,
        "nauc_ndcg_at_1000_diff1": 0.205916,
        "nauc_map_at_1_max": -0.029604,
        "nauc_map_at_1_std": -0.168239,
        "nauc_map_at_1_diff1": 0.450843,
        "nauc_map_at_3_max": 0.087434,
        "nauc_map_at_3_std": -0.082465,
        "nauc_map_at_3_diff1": 0.392798,
        "nauc_map_at_5_max": 0.136616,
        "nauc_map_at_5_std": -0.031514,
        "nauc_map_at_5_diff1": 0.351204,
        "nauc_map_at_10_max": 0.189274,
        "nauc_map_at_10_std": 0.026197,
        "nauc_map_at_10_diff1": 0.300728,
        "nauc_map_at_20_max": 0.222347,
        "nauc_map_at_20_std": 0.062712,
        "nauc_map_at_20_diff1": 0.264285,
        "nauc_map_at_100_max": 0.256726,
        "nauc_map_at_100_std": 0.130897,
        "nauc_map_at_100_diff1": 0.237538,
        "nauc_map_at_1000_max": 0.268867,
        "nauc_map_at_1000_std": 0.163736,
        "nauc_map_at_1000_diff1": 0.230956,
        "nauc_recall_at_1_max": -0.029604,
        "nauc_recall_at_1_std": -0.168239,
        "nauc_recall_at_1_diff1": 0.450843,
        "nauc_recall_at_3_max": 0.120406,
        "nauc_recall_at_3_std": -0.068157,
        "nauc_recall_at_3_diff1": 0.367414,
        "nauc_recall_at_5_max": 0.156799,
        "nauc_recall_at_5_std": -0.01227,
        "nauc_recall_at_5_diff1": 0.308061,
        "nauc_recall_at_10_max": 0.192485,
        "nauc_recall_at_10_std": 0.050578,
        "nauc_recall_at_10_diff1": 0.249396,
        "nauc_recall_at_20_max": 0.215124,
        "nauc_recall_at_20_std": 0.076453,
        "nauc_recall_at_20_diff1": 0.200813,
        "nauc_recall_at_100_max": 0.233133,
        "nauc_recall_at_100_std": 0.168048,
        "nauc_recall_at_100_diff1": 0.128919,
        "nauc_recall_at_1000_max": 0.207685,
        "nauc_recall_at_1000_std": 0.209809,
        "nauc_recall_at_1000_diff1": 0.066752,
        "nauc_precision_at_1_max": 0.307003,
        "nauc_precision_at_1_std": 0.163574,
        "nauc_precision_at_1_diff1": 0.290064,
        "nauc_precision_at_3_max": 0.396716,
        "nauc_precision_at_3_std": 0.28314,
        "nauc_precision_at_3_diff1": 0.153423,
        "nauc_precision_at_5_max": 0.40937,
        "nauc_precision_at_5_std": 0.326433,
        "nauc_precision_at_5_diff1": 0.09196,
        "nauc_precision_at_10_max": 0.376796,
        "nauc_precision_at_10_std": 0.351077,
        "nauc_precision_at_10_diff1": 0.013025,
        "nauc_precision_at_20_max": 0.332388,
        "nauc_precision_at_20_std": 0.343154,
        "nauc_precision_at_20_diff1": -0.042574,
        "nauc_precision_at_100_max": 0.210853,
        "nauc_precision_at_100_std": 0.359209,
        "nauc_precision_at_100_diff1": -0.053195,
        "nauc_precision_at_1000_max": 0.079808,
        "nauc_precision_at_1000_std": 0.242956,
        "nauc_precision_at_1000_diff1": -0.039186,
        "nauc_mrr_at_1_max": 0.308807,
        "nauc_mrr_at_1_std": 0.173616,
        "nauc_mrr_at_1_diff1": 0.281777,
        "nauc_mrr_at_3_max": 0.39333,
        "nauc_mrr_at_3_std": 0.260939,
        "nauc_mrr_at_3_diff1": 0.27643,
        "nauc_mrr_at_5_max": 0.385757,
        "nauc_mrr_at_5_std": 0.262081,
        "nauc_mrr_at_5_diff1": 0.268798,
        "nauc_mrr_at_10_max": 0.388923,
        "nauc_mrr_at_10_std": 0.267625,
        "nauc_mrr_at_10_diff1": 0.26409,
        "nauc_mrr_at_20_max": 0.390067,
        "nauc_mrr_at_20_std": 0.268025,
        "nauc_mrr_at_20_diff1": 0.265441,
        "nauc_mrr_at_100_max": 0.390661,
        "nauc_mrr_at_100_std": 0.269472,
        "nauc_mrr_at_100_diff1": 0.266696,
        "nauc_mrr_at_1000_max": 0.39051,
        "nauc_mrr_at_1000_std": 0.269099,
        "nauc_mrr_at_1000_diff1": 0.266803,
        "main_score": 0.33289,
        "hf_subset": "default",
        "languages": [
          "eng-Latn"
        ]
      }
    ]
  },
  "evaluation_time": 18.924158334732056,
  "kg_co2_emissions": null
}