{
  "dataset_revision": "ae763399273d8b20506b80cf6f6f9a31a6a2b238",
  "task_name": "MedicalQARetrieval",
  "mteb_version": "1.36.32",
  "scores": {
    "test": [
      {
        "ndcg_at_1": 0.44141,
        "ndcg_at_3": 0.56763,
        "ndcg_at_5": 0.59902,
        "ndcg_at_10": 0.62038,
        "ndcg_at_20": 0.63388,
        "ndcg_at_100": 0.64706,
        "ndcg_at_1000": 0.65554,
        "map_at_1": 0.44141,
        "map_at_3": 0.53621,
        "map_at_5": 0.55365,
        "map_at_10": 0.56248,
        "map_at_20": 0.56622,
        "map_at_100": 0.56803,
        "map_at_1000": 0.56835,
        "recall_at_1": 0.44141,
        "recall_at_3": 0.65869,
        "recall_at_5": 0.73486,
        "recall_at_10": 0.80078,
        "recall_at_20": 0.854,
        "recall_at_100": 0.92529,
        "recall_at_1000": 0.99219,
        "precision_at_1": 0.44141,
        "precision_at_3": 0.21956,
        "precision_at_5": 0.14697,
        "precision_at_10": 0.08008,
        "precision_at_20": 0.0427,
        "precision_at_100": 0.00925,
        "precision_at_1000": 0.00099,
        "mrr_at_1": 0.441895,
        "mrr_at_3": 0.536865,
        "mrr_at_5": 0.554224,
        "mrr_at_10": 0.563062,
        "mrr_at_20": 0.566794,
        "mrr_at_100": 0.568608,
        "mrr_at_1000": 0.568929,
        "nauc_ndcg_at_1_max": 0.364591,
        "nauc_ndcg_at_1_std": -0.0544,
        "nauc_ndcg_at_1_diff1": 0.448549,
        "nauc_ndcg_at_3_max": 0.356332,
        "nauc_ndcg_at_3_std": -0.091443,
        "nauc_ndcg_at_3_diff1": 0.35208,
        "nauc_ndcg_at_5_max": 0.360367,
        "nauc_ndcg_at_5_std": -0.090794,
        "nauc_ndcg_at_5_diff1": 0.342575,
        "nauc_ndcg_at_10_max": 0.371082,
        "nauc_ndcg_at_10_std": -0.077463,
        "nauc_ndcg_at_10_diff1": 0.336998,
        "nauc_ndcg_at_20_max": 0.374496,
        "nauc_ndcg_at_20_std": -0.060705,
        "nauc_ndcg_at_20_diff1": 0.334946,
        "nauc_ndcg_at_100_max": 0.375524,
        "nauc_ndcg_at_100_std": -0.051602,
        "nauc_ndcg_at_100_diff1": 0.343902,
        "nauc_ndcg_at_1000_max": 0.368671,
        "nauc_ndcg_at_1000_std": -0.064249,
        "nauc_ndcg_at_1000_diff1": 0.35392,
        "nauc_map_at_1_max": 0.364591,
        "nauc_map_at_1_std": -0.0544,
        "nauc_map_at_1_diff1": 0.448549,
        "nauc_map_at_3_max": 0.359063,
        "nauc_map_at_3_std": -0.081983,
        "nauc_map_at_3_diff1": 0.3769,
        "nauc_map_at_5_max": 0.361205,
        "nauc_map_at_5_std": -0.081491,
        "nauc_map_at_5_diff1": 0.372883,
        "nauc_map_at_10_max": 0.365174,
        "nauc_map_at_10_std": -0.07649,
        "nauc_map_at_10_diff1": 0.37134,
        "nauc_map_at_20_max": 0.366042,
        "nauc_map_at_20_std": -0.072414,
        "nauc_map_at_20_diff1": 0.371156,
        "nauc_map_at_100_max": 0.366044,
        "nauc_map_at_100_std": -0.071352,
        "nauc_map_at_100_diff1": 0.372201,
        "nauc_map_at_1000_max": 0.365814,
        "nauc_map_at_1000_std": -0.07167,
        "nauc_map_at_1000_diff1": 0.372536,
        "nauc_recall_at_1_max": 0.364591,
        "nauc_recall_at_1_std": -0.0544,
        "nauc_recall_at_1_diff1": 0.448549,
        "nauc_recall_at_3_max": 0.34694,
        "nauc_recall_at_3_std": -0.122912,
        "nauc_recall_at_3_diff1": 0.269431,
        "nauc_recall_at_5_max": 0.357659,
        "nauc_recall_at_5_std": -0.12643,
        "nauc_recall_at_5_diff1": 0.22293,
        "nauc_recall_at_10_max": 0.407259,
        "nauc_recall_at_10_std": -0.072045,
        "nauc_recall_at_10_diff1": 0.167106,
        "nauc_recall_at_20_max": 0.443398,
        "nauc_recall_at_20_std": 0.056237,
        "nauc_recall_at_20_diff1": 0.096294,
        "nauc_recall_at_100_max": 0.526115,
        "nauc_recall_at_100_std": 0.322688,
        "nauc_recall_at_100_diff1": 0.064104,
        "nauc_recall_at_1000_max": 0.124472,
        "nauc_recall_at_1000_std": 0.151391,
        "nauc_recall_at_1000_diff1": 0.205857,
        "nauc_precision_at_1_max": 0.364591,
        "nauc_precision_at_1_std": -0.0544,
        "nauc_precision_at_1_diff1": 0.448549,
        "nauc_precision_at_3_max": 0.34694,
        "nauc_precision_at_3_std": -0.122912,
        "nauc_precision_at_3_diff1": 0.269431,
        "nauc_precision_at_5_max": 0.357659,
        "nauc_precision_at_5_std": -0.12643,
        "nauc_precision_at_5_diff1": 0.22293,
        "nauc_precision_at_10_max": 0.407259,
        "nauc_precision_at_10_std": -0.072045,
        "nauc_precision_at_10_diff1": 0.167106,
        "nauc_precision_at_20_max": 0.443398,
        "nauc_precision_at_20_std": 0.056237,
        "nauc_precision_at_20_diff1": 0.096294,
        "nauc_precision_at_100_max": 0.526115,
        "nauc_precision_at_100_std": 0.322688,
        "nauc_precision_at_100_diff1": 0.064104,
        "nauc_precision_at_1000_max": 0.124472,
        "nauc_precision_at_1000_std": 0.151391,
        "nauc_precision_at_1000_diff1": 0.205857,
        "nauc_mrr_at_1_max": 0.363465,
        "nauc_mrr_at_1_std": -0.05294,
        "nauc_mrr_at_1_diff1": 0.447259,
        "nauc_mrr_at_3_max": 0.357395,
        "nauc_mrr_at_3_std": -0.082435,
        "nauc_mrr_at_3_diff1": 0.375146,
        "nauc_mrr_at_5_max": 0.359676,
        "nauc_mrr_at_5_std": -0.081509,
        "nauc_mrr_at_5_diff1": 0.371327,
        "nauc_mrr_at_10_max": 0.363615,
        "nauc_mrr_at_10_std": -0.076506,
        "nauc_mrr_at_10_diff1": 0.369752,
        "nauc_mrr_at_20_max": 0.364467,
        "nauc_mrr_at_20_std": -0.072427,
        "nauc_mrr_at_20_diff1": 0.369551,
        "nauc_mrr_at_100_max": 0.364461,
        "nauc_mrr_at_100_std": -0.071366,
        "nauc_mrr_at_100_diff1": 0.370587,
        "nauc_mrr_at_1000_max": 0.36423,
        "nauc_mrr_at_1000_std": -0.071683,
        "nauc_mrr_at_1000_diff1": 0.370921,
        "main_score": 0.62038,
        "hf_subset": "default",
        "languages": [
          "eng-Latn"
        ]
      }
    ]
  },
  "evaluation_time": 5.795893430709839,
  "kg_co2_emissions": null
}