{
  "dataset_revision": "ec0fa4fe99da2ff19ca1214b7966684033a58814",
  "task_name": "NFCorpus",
  "mteb_version": "1.36.32",
  "scores": {
    "test": [
      {
        "ndcg_at_1": 0.39783,
        "ndcg_at_3": 0.36962,
        "ndcg_at_5": 0.35292,
        "ndcg_at_10": 0.3225,
        "ndcg_at_20": 0.30365,
        "ndcg_at_100": 0.30089,
        "ndcg_at_1000": 0.3886,
        "map_at_1": 0.05156,
        "map_at_3": 0.08118,
        "map_at_5": 0.09918,
        "map_at_10": 0.11551,
        "map_at_20": 0.12933,
        "map_at_100": 0.14938,
        "map_at_1000": 0.16366,
        "recall_at_1": 0.05156,
        "recall_at_3": 0.09079,
        "recall_at_5": 0.12275,
        "recall_at_10": 0.15468,
        "recall_at_20": 0.19801,
        "recall_at_100": 0.31049,
        "recall_at_1000": 0.63148,
        "precision_at_1": 0.41796,
        "precision_at_3": 0.35397,
        "precision_at_5": 0.31022,
        "precision_at_10": 0.24272,
        "precision_at_20": 0.18173,
        "precision_at_100": 0.07963,
        "precision_at_1000": 0.0207,
        "mrr_at_1": 0.417957,
        "mrr_at_3": 0.486584,
        "mrr_at_5": 0.501445,
        "mrr_at_10": 0.512105,
        "mrr_at_20": 0.515233,
        "mrr_at_100": 0.517651,
        "mrr_at_1000": 0.5181,
        "nauc_ndcg_at_1_max": 0.329604,
        "nauc_ndcg_at_1_std": 0.198445,
        "nauc_ndcg_at_1_diff1": 0.374034,
        "nauc_ndcg_at_3_max": 0.387297,
        "nauc_ndcg_at_3_std": 0.286125,
        "nauc_ndcg_at_3_diff1": 0.239351,
        "nauc_ndcg_at_5_max": 0.392201,
        "nauc_ndcg_at_5_std": 0.285942,
        "nauc_ndcg_at_5_diff1": 0.233521,
        "nauc_ndcg_at_10_max": 0.391394,
        "nauc_ndcg_at_10_std": 0.316845,
        "nauc_ndcg_at_10_diff1": 0.208557,
        "nauc_ndcg_at_20_max": 0.3834,
        "nauc_ndcg_at_20_std": 0.313364,
        "nauc_ndcg_at_20_diff1": 0.18394,
        "nauc_ndcg_at_100_max": 0.416281,
        "nauc_ndcg_at_100_std": 0.32926,
        "nauc_ndcg_at_100_diff1": 0.181408,
        "nauc_ndcg_at_1000_max": 0.482402,
        "nauc_ndcg_at_1000_std": 0.400669,
        "nauc_ndcg_at_1000_diff1": 0.197021,
        "nauc_map_at_1_max": 0.058542,
        "nauc_map_at_1_std": -0.089623,
        "nauc_map_at_1_diff1": 0.325591,
        "nauc_map_at_3_max": 0.142541,
        "nauc_map_at_3_std": -0.00454,
        "nauc_map_at_3_diff1": 0.251258,
        "nauc_map_at_5_max": 0.178135,
        "nauc_map_at_5_std": 0.014686,
        "nauc_map_at_5_diff1": 0.226329,
        "nauc_map_at_10_max": 0.223348,
        "nauc_map_at_10_std": 0.061935,
        "nauc_map_at_10_diff1": 0.205668,
        "nauc_map_at_20_max": 0.25863,
        "nauc_map_at_20_std": 0.105035,
        "nauc_map_at_20_diff1": 0.182021,
        "nauc_map_at_100_max": 0.301238,
        "nauc_map_at_100_std": 0.180149,
        "nauc_map_at_100_diff1": 0.172204,
        "nauc_map_at_1000_max": 0.314191,
        "nauc_map_at_1000_std": 0.21702,
        "nauc_map_at_1000_diff1": 0.159999,
        "nauc_recall_at_1_max": 0.058542,
        "nauc_recall_at_1_std": -0.089623,
        "nauc_recall_at_1_diff1": 0.325591,
        "nauc_recall_at_3_max": 0.154619,
        "nauc_recall_at_3_std": 0.012027,
        "nauc_recall_at_3_diff1": 0.241009,
        "nauc_recall_at_5_max": 0.171199,
        "nauc_recall_at_5_std": 0.006445,
        "nauc_recall_at_5_diff1": 0.220547,
        "nauc_recall_at_10_max": 0.208824,
        "nauc_recall_at_10_std": 0.04981,
        "nauc_recall_at_10_diff1": 0.200014,
        "nauc_recall_at_20_max": 0.227806,
        "nauc_recall_at_20_std": 0.074261,
        "nauc_recall_at_20_diff1": 0.141248,
        "nauc_recall_at_100_max": 0.300768,
        "nauc_recall_at_100_std": 0.223338,
        "nauc_recall_at_100_diff1": 0.115087,
        "nauc_recall_at_1000_max": 0.298706,
        "nauc_recall_at_1000_std": 0.247158,
        "nauc_recall_at_1000_diff1": 0.077693,
        "nauc_precision_at_1_max": 0.337873,
        "nauc_precision_at_1_std": 0.200812,
        "nauc_precision_at_1_diff1": 0.374614,
        "nauc_precision_at_3_max": 0.428003,
        "nauc_precision_at_3_std": 0.340013,
        "nauc_precision_at_3_diff1": 0.14611,
        "nauc_precision_at_5_max": 0.429058,
        "nauc_precision_at_5_std": 0.335319,
        "nauc_precision_at_5_diff1": 0.124281,
        "nauc_precision_at_10_max": 0.408778,
        "nauc_precision_at_10_std": 0.421541,
        "nauc_precision_at_10_diff1": 0.044884,
        "nauc_precision_at_20_max": 0.367358,
        "nauc_precision_at_20_std": 0.444687,
        "nauc_precision_at_20_diff1": -0.002659,
        "nauc_precision_at_100_max": 0.266102,
        "nauc_precision_at_100_std": 0.456897,
        "nauc_precision_at_100_diff1": -0.05102,
        "nauc_precision_at_1000_max": 0.12029,
        "nauc_precision_at_1000_std": 0.351189,
        "nauc_precision_at_1000_diff1": -0.095797,
        "nauc_mrr_at_1_max": 0.337873,
        "nauc_mrr_at_1_std": 0.200812,
        "nauc_mrr_at_1_diff1": 0.374614,
        "nauc_mrr_at_3_max": 0.409491,
        "nauc_mrr_at_3_std": 0.290749,
        "nauc_mrr_at_3_diff1": 0.35152,
        "nauc_mrr_at_5_max": 0.423619,
        "nauc_mrr_at_5_std": 0.292705,
        "nauc_mrr_at_5_diff1": 0.369391,
        "nauc_mrr_at_10_max": 0.423641,
        "nauc_mrr_at_10_std": 0.303117,
        "nauc_mrr_at_10_diff1": 0.357111,
        "nauc_mrr_at_20_max": 0.425212,
        "nauc_mrr_at_20_std": 0.302771,
        "nauc_mrr_at_20_diff1": 0.357226,
        "nauc_mrr_at_100_max": 0.424324,
        "nauc_mrr_at_100_std": 0.302886,
        "nauc_mrr_at_100_diff1": 0.357459,
        "nauc_mrr_at_1000_max": 0.424167,
        "nauc_mrr_at_1000_std": 0.302424,
        "nauc_mrr_at_1000_diff1": 0.357807,
        "main_score": 0.3225,
        "hf_subset": "default",
        "languages": [
          "eng-Latn"
        ]
      }
    ]
  },
  "evaluation_time": 4.2277305126190186,
  "kg_co2_emissions": null
}