{
  "dataset_revision": "ae763399273d8b20506b80cf6f6f9a31a6a2b238",
  "task_name": "MedicalQARetrieval",
  "mteb_version": "1.36.32",
  "scores": {
    "test": [
      {
        "ndcg_at_1": 0.48145,
        "ndcg_at_3": 0.60688,
        "ndcg_at_5": 0.6343,
        "ndcg_at_10": 0.65558,
        "ndcg_at_20": 0.6661,
        "ndcg_at_100": 0.67844,
        "ndcg_at_1000": 0.68586,
        "map_at_1": 0.48145,
        "map_at_3": 0.57658,
        "map_at_5": 0.59196,
        "map_at_10": 0.60081,
        "map_at_20": 0.60378,
        "map_at_100": 0.6055,
        "map_at_1000": 0.60577,
        "recall_at_1": 0.48145,
        "recall_at_3": 0.69434,
        "recall_at_5": 0.76025,
        "recall_at_10": 0.82568,
        "recall_at_20": 0.8667,
        "recall_at_100": 0.93311,
        "recall_at_1000": 0.9917,
        "precision_at_1": 0.48145,
        "precision_at_3": 0.23145,
        "precision_at_5": 0.15205,
        "precision_at_10": 0.08257,
        "precision_at_20": 0.04333,
        "precision_at_100": 0.00933,
        "precision_at_1000": 0.00099,
        "mrr_at_1": 0.481934,
        "mrr_at_3": 0.576986,
        "mrr_at_5": 0.592367,
        "mrr_at_10": 0.601223,
        "mrr_at_20": 0.604192,
        "mrr_at_100": 0.605911,
        "mrr_at_1000": 0.606183,
        "nauc_ndcg_at_1_max": 0.345925,
        "nauc_ndcg_at_1_std": 0.071073,
        "nauc_ndcg_at_1_diff1": 0.551706,
        "nauc_ndcg_at_3_max": 0.350337,
        "nauc_ndcg_at_3_std": 0.025573,
        "nauc_ndcg_at_3_diff1": 0.468642,
        "nauc_ndcg_at_5_max": 0.356382,
        "nauc_ndcg_at_5_std": 0.030333,
        "nauc_ndcg_at_5_diff1": 0.450428,
        "nauc_ndcg_at_10_max": 0.369117,
        "nauc_ndcg_at_10_std": 0.037997,
        "nauc_ndcg_at_10_diff1": 0.44547,
        "nauc_ndcg_at_20_max": 0.377761,
        "nauc_ndcg_at_20_std": 0.051333,
        "nauc_ndcg_at_20_diff1": 0.442241,
        "nauc_ndcg_at_100_max": 0.372778,
        "nauc_ndcg_at_100_std": 0.058717,
        "nauc_ndcg_at_100_diff1": 0.448968,
        "nauc_ndcg_at_1000_max": 0.365121,
        "nauc_ndcg_at_1000_std": 0.052094,
        "nauc_ndcg_at_1000_diff1": 0.460987,
        "nauc_map_at_1_max": 0.345925,
        "nauc_map_at_1_std": 0.071073,
        "nauc_map_at_1_diff1": 0.551706,
        "nauc_map_at_3_max": 0.348554,
        "nauc_map_at_3_std": 0.037759,
        "nauc_map_at_3_diff1": 0.489386,
        "nauc_map_at_5_max": 0.351619,
        "nauc_map_at_5_std": 0.040407,
        "nauc_map_at_5_diff1": 0.480755,
        "nauc_map_at_10_max": 0.356018,
        "nauc_map_at_10_std": 0.043193,
        "nauc_map_at_10_diff1": 0.479574,
        "nauc_map_at_20_max": 0.358218,
        "nauc_map_at_20_std": 0.046531,
        "nauc_map_at_20_diff1": 0.47909,
        "nauc_map_at_100_max": 0.357751,
        "nauc_map_at_100_std": 0.047596,
        "nauc_map_at_100_diff1": 0.480015,
        "nauc_map_at_1000_max": 0.357495,
        "nauc_map_at_1000_std": 0.047457,
        "nauc_map_at_1000_diff1": 0.480383,
        "nauc_recall_at_1_max": 0.345925,
        "nauc_recall_at_1_std": 0.071073,
        "nauc_recall_at_1_diff1": 0.551706,
        "nauc_recall_at_3_max": 0.356778,
        "nauc_recall_at_3_std": -0.016416,
        "nauc_recall_at_3_diff1": 0.397913,
        "nauc_recall_at_5_max": 0.377223,
        "nauc_recall_at_5_std": -0.009024,
        "nauc_recall_at_5_diff1": 0.324921,
        "nauc_recall_at_10_max": 0.448663,
        "nauc_recall_at_10_std": 0.019393,
        "nauc_recall_at_10_diff1": 0.261801,
        "nauc_recall_at_20_max": 0.534293,
        "nauc_recall_at_20_std": 0.116877,
        "nauc_recall_at_20_diff1": 0.186023,
        "nauc_recall_at_100_max": 0.569117,
        "nauc_recall_at_100_std": 0.309766,
        "nauc_recall_at_100_diff1": 0.083986,
        "nauc_recall_at_1000_max": 0.242917,
        "nauc_recall_at_1000_std": 0.445538,
        "nauc_recall_at_1000_diff1": 0.251668,
        "nauc_precision_at_1_max": 0.345925,
        "nauc_precision_at_1_std": 0.071073,
        "nauc_precision_at_1_diff1": 0.551706,
        "nauc_precision_at_3_max": 0.356778,
        "nauc_precision_at_3_std": -0.016416,
        "nauc_precision_at_3_diff1": 0.397913,
        "nauc_precision_at_5_max": 0.377223,
        "nauc_precision_at_5_std": -0.009024,
        "nauc_precision_at_5_diff1": 0.324921,
        "nauc_precision_at_10_max": 0.448663,
        "nauc_precision_at_10_std": 0.019393,
        "nauc_precision_at_10_diff1": 0.261801,
        "nauc_precision_at_20_max": 0.534293,
        "nauc_precision_at_20_std": 0.116877,
        "nauc_precision_at_20_diff1": 0.186023,
        "nauc_precision_at_100_max": 0.569117,
        "nauc_precision_at_100_std": 0.309766,
        "nauc_precision_at_100_diff1": 0.083986,
        "nauc_precision_at_1000_max": 0.242917,
        "nauc_precision_at_1000_std": 0.445538,
        "nauc_precision_at_1000_diff1": 0.251668,
        "nauc_mrr_at_1_max": 0.34625,
        "nauc_mrr_at_1_std": 0.07268,
        "nauc_mrr_at_1_diff1": 0.550415,
        "nauc_mrr_at_3_max": 0.34808,
        "nauc_mrr_at_3_std": 0.038906,
        "nauc_mrr_at_3_diff1": 0.488276,
        "nauc_mrr_at_5_max": 0.351564,
        "nauc_mrr_at_5_std": 0.041379,
        "nauc_mrr_at_5_diff1": 0.479602,
        "nauc_mrr_at_10_max": 0.355865,
        "nauc_mrr_at_10_std": 0.044183,
        "nauc_mrr_at_10_diff1": 0.478408,
        "nauc_mrr_at_20_max": 0.358065,
        "nauc_mrr_at_20_std": 0.047531,
        "nauc_mrr_at_20_diff1": 0.477913,
        "nauc_mrr_at_100_max": 0.357597,
        "nauc_mrr_at_100_std": 0.0486,
        "nauc_mrr_at_100_diff1": 0.478833,
        "nauc_mrr_at_1000_max": 0.357341,
        "nauc_mrr_at_1000_std": 0.048462,
        "nauc_mrr_at_1000_diff1": 0.479201,
        "main_score": 0.65558,
        "hf_subset": "default",
        "languages": [
          "eng-Latn"
        ]
      }
    ]
  },
  "evaluation_time": 6.168738126754761,
  "kg_co2_emissions": null
}