{
  "dataset_revision": "ec0fa4fe99da2ff19ca1214b7966684033a58814",
  "task_name": "NFCorpus",
  "mteb_version": "1.36.32",
  "scores": {
    "test": [
      {
        "ndcg_at_1": 0.41796,
        "ndcg_at_3": 0.39437,
        "ndcg_at_5": 0.37242,
        "ndcg_at_10": 0.33708,
        "ndcg_at_20": 0.31886,
        "ndcg_at_100": 0.30715,
        "ndcg_at_1000": 0.39667,
        "map_at_1": 0.05749,
        "map_at_3": 0.09123,
        "map_at_5": 0.10686,
        "map_at_10": 0.12356,
        "map_at_20": 0.13898,
        "map_at_100": 0.15679,
        "map_at_1000": 0.1709,
        "recall_at_1": 0.05749,
        "recall_at_3": 0.10158,
        "recall_at_5": 0.12795,
        "recall_at_10": 0.15822,
        "recall_at_20": 0.20214,
        "recall_at_100": 0.30581,
        "recall_at_1000": 0.63332,
        "precision_at_1": 0.43034,
        "precision_at_3": 0.37255,
        "precision_at_5": 0.32384,
        "precision_at_10": 0.25046,
        "precision_at_20": 0.18947,
        "precision_at_100": 0.07749,
        "precision_at_1000": 0.02063,
        "mrr_at_1": 0.430341,
        "mrr_at_3": 0.51032,
        "mrr_at_5": 0.52193,
        "mrr_at_10": 0.528356,
        "mrr_at_20": 0.532642,
        "mrr_at_100": 0.534478,
        "mrr_at_1000": 0.534971,
        "nauc_ndcg_at_1_max": 0.382318,
        "nauc_ndcg_at_1_std": 0.190416,
        "nauc_ndcg_at_1_diff1": 0.296793,
        "nauc_ndcg_at_3_max": 0.407066,
        "nauc_ndcg_at_3_std": 0.237141,
        "nauc_ndcg_at_3_diff1": 0.192047,
        "nauc_ndcg_at_5_max": 0.405306,
        "nauc_ndcg_at_5_std": 0.25558,
        "nauc_ndcg_at_5_diff1": 0.180684,
        "nauc_ndcg_at_10_max": 0.393991,
        "nauc_ndcg_at_10_std": 0.292669,
        "nauc_ndcg_at_10_diff1": 0.160287,
        "nauc_ndcg_at_20_max": 0.398886,
        "nauc_ndcg_at_20_std": 0.301543,
        "nauc_ndcg_at_20_diff1": 0.164704,
        "nauc_ndcg_at_100_max": 0.428577,
        "nauc_ndcg_at_100_std": 0.313817,
        "nauc_ndcg_at_100_diff1": 0.183822,
        "nauc_ndcg_at_1000_max": 0.469629,
        "nauc_ndcg_at_1000_std": 0.363311,
        "nauc_ndcg_at_1000_diff1": 0.189087,
        "nauc_map_at_1_max": 0.152674,
        "nauc_map_at_1_std": -0.048706,
        "nauc_map_at_1_diff1": 0.433912,
        "nauc_map_at_3_max": 0.197679,
        "nauc_map_at_3_std": -0.038674,
        "nauc_map_at_3_diff1": 0.317699,
        "nauc_map_at_5_max": 0.216205,
        "nauc_map_at_5_std": -0.011045,
        "nauc_map_at_5_diff1": 0.290967,
        "nauc_map_at_10_max": 0.24554,
        "nauc_map_at_10_std": 0.043923,
        "nauc_map_at_10_diff1": 0.24668,
        "nauc_map_at_20_max": 0.271856,
        "nauc_map_at_20_std": 0.091784,
        "nauc_map_at_20_diff1": 0.222842,
        "nauc_map_at_100_max": 0.307396,
        "nauc_map_at_100_std": 0.157599,
        "nauc_map_at_100_diff1": 0.203279,
        "nauc_map_at_1000_max": 0.320338,
        "nauc_map_at_1000_std": 0.194033,
        "nauc_map_at_1000_diff1": 0.190165,
        "nauc_recall_at_1_max": 0.152674,
        "nauc_recall_at_1_std": -0.048706,
        "nauc_recall_at_1_diff1": 0.433912,
        "nauc_recall_at_3_max": 0.180308,
        "nauc_recall_at_3_std": -0.050248,
        "nauc_recall_at_3_diff1": 0.28988,
        "nauc_recall_at_5_max": 0.194252,
        "nauc_recall_at_5_std": -0.008232,
        "nauc_recall_at_5_diff1": 0.256709,
        "nauc_recall_at_10_max": 0.231053,
        "nauc_recall_at_10_std": 0.058024,
        "nauc_recall_at_10_diff1": 0.213452,
        "nauc_recall_at_20_max": 0.241468,
        "nauc_recall_at_20_std": 0.113235,
        "nauc_recall_at_20_diff1": 0.192519,
        "nauc_recall_at_100_max": 0.288783,
        "nauc_recall_at_100_std": 0.222057,
        "nauc_recall_at_100_diff1": 0.133489,
        "nauc_recall_at_1000_max": 0.213097,
        "nauc_recall_at_1000_std": 0.237866,
        "nauc_recall_at_1000_diff1": 0.099386,
        "nauc_precision_at_1_max": 0.391216,
        "nauc_precision_at_1_std": 0.189179,
        "nauc_precision_at_1_diff1": 0.289501,
        "nauc_precision_at_3_max": 0.420429,
        "nauc_precision_at_3_std": 0.274423,
        "nauc_precision_at_3_diff1": 0.09031,
        "nauc_precision_at_5_max": 0.408157,
        "nauc_precision_at_5_std": 0.307943,
        "nauc_precision_at_5_diff1": 0.049098,
        "nauc_precision_at_10_max": 0.373989,
        "nauc_precision_at_10_std": 0.388734,
        "nauc_precision_at_10_diff1": -0.015506,
        "nauc_precision_at_20_max": 0.354628,
        "nauc_precision_at_20_std": 0.428096,
        "nauc_precision_at_20_diff1": -0.053654,
        "nauc_precision_at_100_max": 0.272987,
        "nauc_precision_at_100_std": 0.478432,
        "nauc_precision_at_100_diff1": -0.10582,
        "nauc_precision_at_1000_max": 0.134782,
        "nauc_precision_at_1000_std": 0.35835,
        "nauc_precision_at_1000_diff1": -0.137645,
        "nauc_mrr_at_1_max": 0.391216,
        "nauc_mrr_at_1_std": 0.189179,
        "nauc_mrr_at_1_diff1": 0.289501,
        "nauc_mrr_at_3_max": 0.457132,
        "nauc_mrr_at_3_std": 0.266393,
        "nauc_mrr_at_3_diff1": 0.263193,
        "nauc_mrr_at_5_max": 0.457587,
        "nauc_mrr_at_5_std": 0.274724,
        "nauc_mrr_at_5_diff1": 0.259752,
        "nauc_mrr_at_10_max": 0.459696,
        "nauc_mrr_at_10_std": 0.281038,
        "nauc_mrr_at_10_diff1": 0.263064,
        "nauc_mrr_at_20_max": 0.459733,
        "nauc_mrr_at_20_std": 0.283643,
        "nauc_mrr_at_20_diff1": 0.263213,
        "nauc_mrr_at_100_max": 0.462108,
        "nauc_mrr_at_100_std": 0.284097,
        "nauc_mrr_at_100_diff1": 0.262559,
        "nauc_mrr_at_1000_max": 0.461661,
        "nauc_mrr_at_1000_std": 0.283767,
        "nauc_mrr_at_1000_diff1": 0.262718,
        "main_score": 0.33708,
        "hf_subset": "default",
        "languages": [
          "eng-Latn"
        ]
      }
    ]
  },
  "evaluation_time": 7.38051700592041,
  "kg_co2_emissions": null
}